name,from,to,reason
群管理(1),/Users/binbinchen/Downloads/已整理_2026-06-30/01_项目资料/其他项目/群管理(1),/Users/binbinchen/Downloads/已整理_2026-06-30/01_项目资料/蜂乐玛/群管理_社群模块/群管理(1),群管理全套归入蜂乐玛
群管理(1).rp,/Users/binbinchen/Downloads/已整理_2026-06-30/02_素材与设计/AI源文件/群管理(1).rp,/Users/binbinchen/Downloads/已整理_2026-06-30/01_项目资料/蜂乐玛/群管理_社群模块/群管理(1).rp,群管理全套归入蜂乐玛
群管理(1).zip,/Users/binbinchen/Downloads/已整理_2026-06-30/07_压缩包_待确认/未识别压缩包/群管理(1).zip,/Users/binbinchen/Downloads/已整理_2026-06-30/01_项目资料/蜂乐玛/群管理_社群模块/群管理(1).zip,群管理全套归入蜂乐玛
群管理(1) (1).zip,/Users/binbinchen/Downloads/已整理_2026-06-30/07_压缩包_待确认/未识别压缩包/群管理(1) (1).zip,/Users/binbinchen/Downloads/已整理_2026-06-30/01_项目资料/蜂乐玛/群管理_社群模块/群管理(1) (1).zip,群管理全套归入蜂乐玛
微信群管理  新建微信群.png,/Users/binbinchen/Downloads/已整理_2026-06-30/02_素材与设计/通用素材/微信群管理  新建微信群.png,/Users/binbinchen/Downloads/已整理_2026-06-30/01_项目资料/蜂乐玛/UI设计截图/2026-01-26_后台运营_微信社群/微信群管理  新建微信群.png,微信群管理截图归入蜂乐玛
微信群管理 入群人名单列表.png,/Users/binbinchen/Downloads/已整理_2026-06-30/02_素材与设计/通用素材/微信群管理 入群人名单列表.png,/Users/binbinchen/Downloads/已整理_2026-06-30/01_项目资料/蜂乐玛/UI设计截图/2026-01-26_后台运营_微信社群/微信群管理 入群人名单列表.png,微信群管理截图归入蜂乐玛
微信群管理 副本.png,/Users/binbinchen/Downloads/已整理_2026-06-30/02_素材与设计/通用素材/微信群管理 副本.png,/Users/binbinchen/Downloads/已整理_2026-06-30/01_项目资料/蜂乐玛/UI设计截图/2026-01-26_后台运营_微信社群/微信群管理 副本.png,微信群管理截图归入蜂乐玛
微信群管理.png,/Users/binbinchen/Downloads/已整理_2026-06-30/02_素材与设计/通用素材/微信群管理.png,/Users/binbinchen/Downloads/已整理_2026-06-30/01_项目资料/蜂乐玛/UI设计截图/2026-01-26_后台运营_微信社群/微信群管理.png,微信群管理截图归入蜂乐玛
微信群管理  新建微信群 副本.png,/Users/binbinchen/Downloads/已整理_2026-06-30/02_素材与设计/通用素材/微信群管理  新建微信群 副本.png,/Users/binbinchen/Downloads/已整理_2026-06-30/01_项目资料/蜂乐玛/UI设计截图/2026-01-26_后台运营_微信社群/微信群管理  新建微信群 副本.png,微信群管理截图归入蜂乐玛
app-消息中心.png,/Users/binbinchen/Downloads/已整理_2026-06-30/02_素材与设计/UI截图/app-消息中心.png,/Users/binbinchen/Downloads/已整理_2026-06-30/01_项目资料/蜂乐玛/UI设计截图/2026-01-26_后台运营_订单客服会员/app-消息中心.png,同批后台订单客服会员UI归入蜂乐玛
今日新增扫码详情.png,/Users/binbinchen/Downloads/已整理_2026-06-30/02_素材与设计/UI截图/今日新增扫码详情.png,/Users/binbinchen/Downloads/已整理_2026-06-30/01_项目资料/蜂乐玛/UI设计截图/2026-01-26_后台运营_订单客服会员/今日新增扫码详情.png,同批后台订单客服会员UI归入蜂乐玛
会员中心  (1).png,/Users/binbinchen/Downloads/已整理_2026-06-30/02_素材与设计/UI截图/会员中心  (1).png,/Users/binbinchen/Downloads/已整理_2026-06-30/01_项目资料/蜂乐玛/UI设计截图/2026-01-26_后台运营_订单客服会员/会员中心  (1).png,同批后台订单客服会员UI归入蜂乐玛
会员中心 .png,/Users/binbinchen/Downloads/已整理_2026-06-30/02_素材与设计/UI截图/会员中心 .png,/Users/binbinchen/Downloads/已整理_2026-06-30/01_项目资料/蜂乐玛/UI设计截图/2025-11_商城前台_会员订单购物车/会员中心 .png,同批商城前台UI归入蜂乐玛
会员等级 (1).png,/Users/binbinchen/Downloads/已整理_2026-06-30/02_素材与设计/UI截图/会员等级 (1).png,/Users/binbinchen/Downloads/已整理_2026-06-30/01_项目资料/蜂乐玛/UI设计截图/2025-11_商城前台_会员订单购物车/会员等级 (1).png,同批商城前台UI归入蜂乐玛
会员等级 (2).png,/Users/binbinchen/Downloads/已整理_2026-06-30/02_素材与设计/UI截图/会员等级 (2).png,/Users/binbinchen/Downloads/已整理_2026-06-30/01_项目资料/蜂乐玛/UI设计截图/2026-01-26_后台运营_订单客服会员/会员等级 (2).png,同批后台订单客服会员UI归入蜂乐玛
会员等级 (3).png,/Users/binbinchen/Downloads/已整理_2026-06-30/02_素材与设计/UI截图/会员等级 (3).png,/Users/binbinchen/Downloads/已整理_2026-06-30/01_项目资料/蜂乐玛/UI设计截图/2026-01-26_后台运营_订单客服会员/会员等级 (3).png,同批后台订单客服会员UI归入蜂乐玛
会员等级.png,/Users/binbinchen/Downloads/已整理_2026-06-30/02_素材与设计/UI截图/会员等级.png,/Users/binbinchen/Downloads/已整理_2026-06-30/01_项目资料/蜂乐玛/UI设计截图/2025-11_商城前台_会员订单购物车/会员等级.png,同批商城前台UI归入蜂乐玛
商家同意退货申请.png,/Users/binbinchen/Downloads/已整理_2026-06-30/02_素材与设计/UI截图/商家同意退货申请.png,/Users/binbinchen/Downloads/已整理_2026-06-30/01_项目资料/蜂乐玛/UI设计截图/2026-01-26_后台运营_订单客服会员/商家同意退货申请.png,同批后台订单客服会员UI归入蜂乐玛
回访单-订单回访记录 副本.png,/Users/binbinchen/Downloads/已整理_2026-06-30/02_素材与设计/UI截图/回访单-订单回访记录 副本.png,/Users/binbinchen/Downloads/已整理_2026-06-30/01_项目资料/蜂乐玛/UI设计截图/2026-01-26_后台运营_订单客服会员/回访单-订单回访记录 副本.png,同批后台订单客服会员UI归入蜂乐玛
回访单-订单回访记录.png,/Users/binbinchen/Downloads/已整理_2026-06-30/02_素材与设计/UI截图/回访单-订单回访记录.png,/Users/binbinchen/Downloads/已整理_2026-06-30/01_项目资料/蜂乐玛/UI设计截图/2026-01-26_后台运营_订单客服会员/回访单-订单回访记录.png,同批后台订单客服会员UI归入蜂乐玛
客服.png,/Users/binbinchen/Downloads/已整理_2026-06-30/02_素材与设计/UI截图/客服.png,/Users/binbinchen/Downloads/已整理_2026-06-30/01_项目资料/蜂乐玛/UI设计截图/2026-01-26_后台运营_订单客服会员/客服.png,同批后台订单客服会员UI归入蜂乐玛
客服信息 展示 副本 (1).png,/Users/binbinchen/Downloads/已整理_2026-06-30/02_素材与设计/UI截图/客服信息 展示 副本 (1).png,/Users/binbinchen/Downloads/已整理_2026-06-30/01_项目资料/蜂乐玛/UI设计截图/2026-01-26_后台运营_订单客服会员/客服信息 展示 副本 (1).png,同批后台订单客服会员UI归入蜂乐玛
客服信息 展示 副本 副本.png,/Users/binbinchen/Downloads/已整理_2026-06-30/02_素材与设计/UI截图/客服信息 展示 副本 副本.png,/Users/binbinchen/Downloads/已整理_2026-06-30/01_项目资料/蜂乐玛/UI设计截图/2026-01-26_后台运营_订单客服会员/客服信息 展示 副本 副本.png,同批后台订单客服会员UI归入蜂乐玛
客服信息 展示 副本.png,/Users/binbinchen/Downloads/已整理_2026-06-30/02_素材与设计/UI截图/客服信息 展示 副本.png,/Users/binbinchen/Downloads/已整理_2026-06-30/01_项目资料/蜂乐玛/UI设计截图/2026-01-26_后台运营_订单客服会员/客服信息 展示 副本.png,同批后台订单客服会员UI归入蜂乐玛
客服管理 副本 (1).png,/Users/binbinchen/Downloads/已整理_2026-06-30/02_素材与设计/UI截图/客服管理 副本 (1).png,/Users/binbinchen/Downloads/已整理_2026-06-30/01_项目资料/蜂乐玛/UI设计截图/2025-11_商城前台_会员订单购物车/客服管理 副本 (1).png,同批商城前台UI归入蜂乐玛
客服管理 副本 (2).png,/Users/binbinchen/Downloads/已整理_2026-06-30/02_素材与设计/UI截图/客服管理 副本 (2).png,/Users/binbinchen/Downloads/已整理_2026-06-30/01_项目资料/蜂乐玛/UI设计截图/2026-01-26_后台运营_订单客服会员/客服管理 副本 (2).png,同批后台订单客服会员UI归入蜂乐玛
客服管理 副本 副本.png,/Users/binbinchen/Downloads/已整理_2026-06-30/02_素材与设计/UI截图/客服管理 副本 副本.png,/Users/binbinchen/Downloads/已整理_2026-06-30/01_项目资料/蜂乐玛/UI设计截图/2026-01-26_后台运营_订单客服会员/客服管理 副本 副本.png,同批后台订单客服会员UI归入蜂乐玛
客服管理 副本.png,/Users/binbinchen/Downloads/已整理_2026-06-30/02_素材与设计/UI截图/客服管理 副本.png,/Users/binbinchen/Downloads/已整理_2026-06-30/01_项目资料/蜂乐玛/UI设计截图/2025-11_商城前台_会员订单购物车/客服管理 副本.png,同批商城前台UI归入蜂乐玛
客服管理 新建客服信息 副本.png,/Users/binbinchen/Downloads/已整理_2026-06-30/02_素材与设计/UI截图/客服管理 新建客服信息 副本.png,/Users/binbinchen/Downloads/已整理_2026-06-30/01_项目资料/蜂乐玛/UI设计截图/2026-01-26_后台运营_订单客服会员/客服管理 新建客服信息 副本.png,同批后台订单客服会员UI归入蜂乐玛
帮助与引导 (1).png,/Users/binbinchen/Downloads/已整理_2026-06-30/02_素材与设计/UI截图/帮助与引导 (1).png,/Users/binbinchen/Downloads/已整理_2026-06-30/01_项目资料/蜂乐玛/UI设计截图/2026-01-26_后台运营_订单客服会员/帮助与引导 (1).png,同批后台订单客服会员UI归入蜂乐玛
帮助与引导.png,/Users/binbinchen/Downloads/已整理_2026-06-30/02_素材与设计/UI截图/帮助与引导.png,/Users/binbinchen/Downloads/已整理_2026-06-30/01_项目资料/蜂乐玛/UI设计截图/2025-11_商城前台_会员订单购物车/帮助与引导.png,同批商城前台UI归入蜂乐玛
待处理任务点击详情 副本.png,/Users/binbinchen/Downloads/已整理_2026-06-30/02_素材与设计/UI截图/待处理任务点击详情 副本.png,/Users/binbinchen/Downloads/已整理_2026-06-30/01_项目资料/蜂乐玛/UI设计截图/2026-01-26_后台运营_订单客服会员/待处理任务点击详情 副本.png,同批后台订单客服会员UI归入蜂乐玛
待处理任务点击详情.png,/Users/binbinchen/Downloads/已整理_2026-06-30/02_素材与设计/UI截图/待处理任务点击详情.png,/Users/binbinchen/Downloads/已整理_2026-06-30/01_项目资料/蜂乐玛/UI设计截图/2026-01-26_后台运营_订单客服会员/待处理任务点击详情.png,同批后台订单客服会员UI归入蜂乐玛
我的订单 (1).png,/Users/binbinchen/Downloads/已整理_2026-06-30/02_素材与设计/UI截图/我的订单 (1).png,/Users/binbinchen/Downloads/已整理_2026-06-30/01_项目资料/蜂乐玛/UI设计截图/2026-01-26_后台运营_订单客服会员/我的订单 (1).png,同批后台订单客服会员UI归入蜂乐玛
我的订单 -缺省页 (1).png,/Users/binbinchen/Downloads/已整理_2026-06-30/02_素材与设计/UI截图/我的订单 -缺省页 (1).png,/Users/binbinchen/Downloads/已整理_2026-06-30/01_项目资料/蜂乐玛/UI设计截图/2026-01-26_后台运营_订单客服会员/我的订单 -缺省页 (1).png,同批后台订单客服会员UI归入蜂乐玛
我的订单 -缺省页.png,/Users/binbinchen/Downloads/已整理_2026-06-30/02_素材与设计/UI截图/我的订单 -缺省页.png,/Users/binbinchen/Downloads/已整理_2026-06-30/01_项目资料/蜂乐玛/UI设计截图/2025-11_商城前台_会员订单购物车/我的订单 -缺省页.png,同批商城前台UI归入蜂乐玛
我的订单.png,/Users/binbinchen/Downloads/已整理_2026-06-30/02_素材与设计/UI截图/我的订单.png,/Users/binbinchen/Downloads/已整理_2026-06-30/01_项目资料/蜂乐玛/UI设计截图/2025-11_商城前台_会员订单购物车/我的订单.png,同批商城前台UI归入蜂乐玛
操作台-订单详情 副本.png,/Users/binbinchen/Downloads/已整理_2026-06-30/02_素材与设计/UI截图/操作台-订单详情 副本.png,/Users/binbinchen/Downloads/已整理_2026-06-30/01_项目资料/蜂乐玛/UI设计截图/2026-01-26_后台运营_订单客服会员/操作台-订单详情 副本.png,同批后台订单客服会员UI归入蜂乐玛
操作台-订单详情.png,/Users/binbinchen/Downloads/已整理_2026-06-30/02_素材与设计/UI截图/操作台-订单详情.png,/Users/binbinchen/Downloads/已整理_2026-06-30/01_项目资料/蜂乐玛/UI设计截图/2026-01-26_后台运营_订单客服会员/操作台-订单详情.png,同批后台订单客服会员UI归入蜂乐玛
支付宝 提现金额-错误提示.png,/Users/binbinchen/Downloads/已整理_2026-06-30/02_素材与设计/UI截图/支付宝 提现金额-错误提示.png,/Users/binbinchen/Downloads/已整理_2026-06-30/01_项目资料/蜂乐玛/UI设计截图/2026-01-26_后台运营_订单客服会员/支付宝 提现金额-错误提示.png,同批后台订单客服会员UI归入蜂乐玛
收益 提现 支付宝.png,/Users/binbinchen/Downloads/已整理_2026-06-30/02_素材与设计/UI截图/收益 提现 支付宝.png,/Users/binbinchen/Downloads/已整理_2026-06-30/01_项目资料/蜂乐玛/UI设计截图/2026-01-26_后台运营_订单客服会员/收益 提现 支付宝.png,同批后台订单客服会员UI归入蜂乐玛
新增收货地址 (1).png,/Users/binbinchen/Downloads/已整理_2026-06-30/02_素材与设计/UI截图/新增收货地址 (1).png,/Users/binbinchen/Downloads/已整理_2026-06-30/01_项目资料/蜂乐玛/UI设计截图/2026-01-26_后台运营_订单客服会员/新增收货地址 (1).png,同批后台订单客服会员UI归入蜂乐玛
新增收货地址-填写 (1).png,/Users/binbinchen/Downloads/已整理_2026-06-30/02_素材与设计/UI截图/新增收货地址-填写 (1).png,/Users/binbinchen/Downloads/已整理_2026-06-30/01_项目资料/蜂乐玛/UI设计截图/2026-01-26_后台运营_订单客服会员/新增收货地址-填写 (1).png,同批后台订单客服会员UI归入蜂乐玛
新增收货地址-填写.png,/Users/binbinchen/Downloads/已整理_2026-06-30/02_素材与设计/UI截图/新增收货地址-填写.png,/Users/binbinchen/Downloads/已整理_2026-06-30/01_项目资料/蜂乐玛/UI设计截图/2025-11_商城前台_会员订单购物车/新增收货地址-填写.png,同批商城前台UI归入蜂乐玛
新增收货地址.png,/Users/binbinchen/Downloads/已整理_2026-06-30/02_素材与设计/UI截图/新增收货地址.png,/Users/binbinchen/Downloads/已整理_2026-06-30/01_项目资料/蜂乐玛/UI设计截图/2025-11_商城前台_会员订单购物车/新增收货地址.png,同批商城前台UI归入蜂乐玛
新用户-绑定手机 (1).png,/Users/binbinchen/Downloads/已整理_2026-06-30/02_素材与设计/UI截图/新用户-绑定手机 (1).png,/Users/binbinchen/Downloads/已整理_2026-06-30/01_项目资料/蜂乐玛/UI设计截图/2026-01-26_后台运营_订单客服会员/新用户-绑定手机 (1).png,同批后台订单客服会员UI归入蜂乐玛
新用户-绑定手机 copy (1).png,/Users/binbinchen/Downloads/已整理_2026-06-30/02_素材与设计/UI截图/新用户-绑定手机 copy (1).png,/Users/binbinchen/Downloads/已整理_2026-06-30/01_项目资料/蜂乐玛/UI设计截图/2026-01-26_后台运营_订单客服会员/新用户-绑定手机 copy (1).png,同批后台订单客服会员UI归入蜂乐玛
新用户-绑定手机 copy.png,/Users/binbinchen/Downloads/已整理_2026-06-30/02_素材与设计/UI截图/新用户-绑定手机 copy.png,/Users/binbinchen/Downloads/已整理_2026-06-30/01_项目资料/蜂乐玛/UI设计截图/2025-11_商城前台_会员订单购物车/新用户-绑定手机 copy.png,同批商城前台UI归入蜂乐玛
新用户-绑定手机.png,/Users/binbinchen/Downloads/已整理_2026-06-30/02_素材与设计/UI截图/新用户-绑定手机.png,/Users/binbinchen/Downloads/已整理_2026-06-30/01_项目资料/蜂乐玛/UI设计截图/2025-11_商城前台_会员订单购物车/新用户-绑定手机.png,同批商城前台UI归入蜂乐玛
活动详情页.png,/Users/binbinchen/Downloads/已整理_2026-06-30/02_素材与设计/UI截图/活动详情页.png,/Users/binbinchen/Downloads/已整理_2026-06-30/01_项目资料/蜂乐玛/UI设计截图/2026-01-26_后台运营_订单客服会员/活动详情页.png,同批后台订单客服会员UI归入蜂乐玛
点击修改地址时 (1).png,/Users/binbinchen/Downloads/已整理_2026-06-30/02_素材与设计/UI截图/点击修改地址时 (1).png,/Users/binbinchen/Downloads/已整理_2026-06-30/01_项目资料/蜂乐玛/UI设计截图/2026-01-26_后台运营_订单客服会员/点击修改地址时 (1).png,同批后台订单客服会员UI归入蜂乐玛
点击修改地址时.png,/Users/binbinchen/Downloads/已整理_2026-06-30/02_素材与设计/UI截图/点击修改地址时.png,/Users/binbinchen/Downloads/已整理_2026-06-30/01_项目资料/蜂乐玛/UI设计截图/2025-11_商城前台_会员订单购物车/点击修改地址时.png,同批商城前台UI归入蜂乐玛
点击搜索订单.png,/Users/binbinchen/Downloads/已整理_2026-06-30/02_素材与设计/UI截图/点击搜索订单.png,/Users/binbinchen/Downloads/已整理_2026-06-30/01_项目资料/蜂乐玛/UI设计截图/2026-01-26_后台运营_订单客服会员/点击搜索订单.png,同批后台订单客服会员UI归入蜂乐玛
等待商家处理 退款退货.png,/Users/binbinchen/Downloads/已整理_2026-06-30/02_素材与设计/UI截图/等待商家处理 退款退货.png,/Users/binbinchen/Downloads/已整理_2026-06-30/01_项目资料/蜂乐玛/UI设计截图/2026-01-26_后台运营_订单客服会员/等待商家处理 退款退货.png,同批后台订单客服会员UI归入蜂乐玛
等待商家处理.png,/Users/binbinchen/Downloads/已整理_2026-06-30/02_素材与设计/UI截图/等待商家处理.png,/Users/binbinchen/Downloads/已整理_2026-06-30/01_项目资料/蜂乐玛/UI设计截图/2026-01-26_后台运营_订单客服会员/等待商家处理.png,同批后台订单客服会员UI归入蜂乐玛
等待商家收货 (1).png,/Users/binbinchen/Downloads/已整理_2026-06-30/02_素材与设计/UI截图/等待商家收货 (1).png,/Users/binbinchen/Downloads/已整理_2026-06-30/01_项目资料/蜂乐玛/UI设计截图/2026-01-26_后台运营_订单客服会员/等待商家收货 (1).png,同批后台订单客服会员UI归入蜂乐玛
等待商家收货.png,/Users/binbinchen/Downloads/已整理_2026-06-30/02_素材与设计/UI截图/等待商家收货.png,/Users/binbinchen/Downloads/已整理_2026-06-30/01_项目资料/蜂乐玛/UI设计截图/2026-01-26_后台运营_订单客服会员/等待商家收货.png,同批后台订单客服会员UI归入蜂乐玛
类别详情-128升级.png,/Users/binbinchen/Downloads/已整理_2026-06-30/02_素材与设计/UI截图/类别详情-128升级.png,/Users/binbinchen/Downloads/已整理_2026-06-30/01_项目资料/蜂乐玛/UI设计截图/2026-01-26_后台运营_订单客服会员/类别详情-128升级.png,同批后台订单客服会员UI归入蜂乐玛
绑定手机-验证错误.png,/Users/binbinchen/Downloads/已整理_2026-06-30/02_素材与设计/UI截图/绑定手机-验证错误.png,/Users/binbinchen/Downloads/已整理_2026-06-30/01_项目资料/蜂乐玛/UI设计截图/2026-01-26_后台运营_订单客服会员/绑定手机-验证错误.png,同批后台订单客服会员UI归入蜂乐玛
订单详情 -交易成功 (1).png,/Users/binbinchen/Downloads/已整理_2026-06-30/02_素材与设计/UI截图/订单详情 -交易成功 (1).png,/Users/binbinchen/Downloads/已整理_2026-06-30/01_项目资料/蜂乐玛/UI设计截图/2026-01-26_后台运营_订单客服会员/订单详情 -交易成功 (1).png,同批后台订单客服会员UI归入蜂乐玛
订单详情 -交易成功.png,/Users/binbinchen/Downloads/已整理_2026-06-30/02_素材与设计/UI截图/订单详情 -交易成功.png,/Users/binbinchen/Downloads/已整理_2026-06-30/01_项目资料/蜂乐玛/UI设计截图/2025-11_商城前台_会员订单购物车/订单详情 -交易成功.png,同批商城前台UI归入蜂乐玛
订单详情 -待付款 (1).png,/Users/binbinchen/Downloads/已整理_2026-06-30/02_素材与设计/UI截图/订单详情 -待付款 (1).png,/Users/binbinchen/Downloads/已整理_2026-06-30/01_项目资料/蜂乐玛/UI设计截图/2026-01-26_后台运营_订单客服会员/订单详情 -待付款 (1).png,同批后台订单客服会员UI归入蜂乐玛
订单详情 -待付款.png,/Users/binbinchen/Downloads/已整理_2026-06-30/02_素材与设计/UI截图/订单详情 -待付款.png,/Users/binbinchen/Downloads/已整理_2026-06-30/01_项目资料/蜂乐玛/UI设计截图/2025-11_商城前台_会员订单购物车/订单详情 -待付款.png,同批商城前台UI归入蜂乐玛
订单详情 已发货 -拆单.png,/Users/binbinchen/Downloads/已整理_2026-06-30/02_素材与设计/UI截图/订单详情 已发货 -拆单.png,/Users/binbinchen/Downloads/已整理_2026-06-30/01_项目资料/蜂乐玛/UI设计截图/2026-01-26_后台运营_订单客服会员/订单详情 已发货 -拆单.png,同批后台订单客服会员UI归入蜂乐玛
订单详情 退款.png,/Users/binbinchen/Downloads/已整理_2026-06-30/02_素材与设计/UI截图/订单详情 退款.png,/Users/binbinchen/Downloads/已整理_2026-06-30/01_项目资料/蜂乐玛/UI设计截图/2026-01-26_后台运营_订单客服会员/订单详情 退款.png,同批后台订单客服会员UI归入蜂乐玛
订单详情- 待发货-单件 (1).png,/Users/binbinchen/Downloads/已整理_2026-06-30/02_素材与设计/UI截图/订单详情- 待发货-单件 (1).png,/Users/binbinchen/Downloads/已整理_2026-06-30/01_项目资料/蜂乐玛/UI设计截图/2026-01-26_后台运营_订单客服会员/订单详情- 待发货-单件 (1).png,同批后台订单客服会员UI归入蜂乐玛
订单详情- 待发货-单件.png,/Users/binbinchen/Downloads/已整理_2026-06-30/02_素材与设计/UI截图/订单详情- 待发货-单件.png,/Users/binbinchen/Downloads/已整理_2026-06-30/01_项目资料/蜂乐玛/UI设计截图/2025-11_商城前台_会员订单购物车/订单详情- 待发货-单件.png,同批商城前台UI归入蜂乐玛
订单详情- 待发货-多件（可批量退款）.png,/Users/binbinchen/Downloads/已整理_2026-06-30/02_素材与设计/UI截图/订单详情- 待发货-多件（可批量退款）.png,/Users/binbinchen/Downloads/已整理_2026-06-30/01_项目资料/蜂乐玛/UI设计截图/2026-01-26_后台运营_订单客服会员/订单详情- 待发货-多件（可批量退款）.png,同批后台订单客服会员UI归入蜂乐玛
订单详情- 待发货-退款成功+退款中状态.png,/Users/binbinchen/Downloads/已整理_2026-06-30/02_素材与设计/UI截图/订单详情- 待发货-退款成功+退款中状态.png,/Users/binbinchen/Downloads/已整理_2026-06-30/01_项目资料/蜂乐玛/UI设计截图/2026-01-26_后台运营_订单客服会员/订单详情- 待发货-退款成功+退款中状态.png,同批后台订单客服会员UI归入蜂乐玛
订单详情-交易关闭 (1).png,/Users/binbinchen/Downloads/已整理_2026-06-30/02_素材与设计/UI截图/订单详情-交易关闭 (1).png,/Users/binbinchen/Downloads/已整理_2026-06-30/01_项目资料/蜂乐玛/UI设计截图/2026-01-26_后台运营_订单客服会员/订单详情-交易关闭 (1).png,同批后台订单客服会员UI归入蜂乐玛
订单详情-交易关闭.png,/Users/binbinchen/Downloads/已整理_2026-06-30/02_素材与设计/UI截图/订单详情-交易关闭.png,/Users/binbinchen/Downloads/已整理_2026-06-30/01_项目资料/蜂乐玛/UI设计截图/2025-11_商城前台_会员订单购物车/订单详情-交易关闭.png,同批商城前台UI归入蜂乐玛
订单详情-已发货-未拆单.png,/Users/binbinchen/Downloads/已整理_2026-06-30/02_素材与设计/UI截图/订单详情-已发货-未拆单.png,/Users/binbinchen/Downloads/已整理_2026-06-30/01_项目资料/蜂乐玛/UI设计截图/2026-01-26_后台运营_订单客服会员/订单详情-已发货-未拆单.png,同批后台订单客服会员UI归入蜂乐玛
购物车 (1).png,/Users/binbinchen/Downloads/已整理_2026-06-30/02_素材与设计/UI截图/购物车 (1).png,/Users/binbinchen/Downloads/已整理_2026-06-30/01_项目资料/蜂乐玛/UI设计截图/2026-01-26_后台运营_订单客服会员/购物车 (1).png,同批后台订单客服会员UI归入蜂乐玛
购物车-缺省页 (1).png,/Users/binbinchen/Downloads/已整理_2026-06-30/02_素材与设计/UI截图/购物车-缺省页 (1).png,/Users/binbinchen/Downloads/已整理_2026-06-30/01_项目资料/蜂乐玛/UI设计截图/2026-01-26_后台运营_订单客服会员/购物车-缺省页 (1).png,同批后台订单客服会员UI归入蜂乐玛
购物车-缺省页.png,/Users/binbinchen/Downloads/已整理_2026-06-30/02_素材与设计/UI截图/购物车-缺省页.png,/Users/binbinchen/Downloads/已整理_2026-06-30/01_项目资料/蜂乐玛/UI设计截图/2025-11_商城前台_会员订单购物车/购物车-缺省页.png,同批商城前台UI归入蜂乐玛
购物车.png,/Users/binbinchen/Downloads/已整理_2026-06-30/02_素材与设计/UI截图/购物车.png,/Users/binbinchen/Downloads/已整理_2026-06-30/01_项目资料/蜂乐玛/UI设计截图/2025-11_商城前台_会员订单购物车/购物车.png,同批商城前台UI归入蜂乐玛
首页  专属客服.png,/Users/binbinchen/Downloads/已整理_2026-06-30/02_素材与设计/UI截图/首页  专属客服.png,/Users/binbinchen/Downloads/已整理_2026-06-30/01_项目资料/蜂乐玛/UI设计截图/2026-01-26_后台运营_订单客服会员/首页  专属客服.png,同批后台订单客服会员UI归入蜂乐玛
首页 (1).png,/Users/binbinchen/Downloads/已整理_2026-06-30/02_素材与设计/UI截图/首页 (1).png,/Users/binbinchen/Downloads/已整理_2026-06-30/01_项目资料/蜂乐玛/UI设计截图/2025-11_商城前台_会员订单购物车/首页 (1).png,同批商城前台UI归入蜂乐玛
首页 (2).png,/Users/binbinchen/Downloads/已整理_2026-06-30/02_素材与设计/UI截图/首页 (2).png,/Users/binbinchen/Downloads/已整理_2026-06-30/01_项目资料/蜂乐玛/UI设计截图/2025-11_商城前台_会员订单购物车/首页 (2).png,同批商城前台UI归入蜂乐玛
首页 (3).png,/Users/binbinchen/Downloads/已整理_2026-06-30/02_素材与设计/UI截图/首页 (3).png,/Users/binbinchen/Downloads/已整理_2026-06-30/01_项目资料/蜂乐玛/UI设计截图/2025-11_商城前台_会员订单购物车/首页 (3).png,同批商城前台UI归入蜂乐玛
首页 (4).png,/Users/binbinchen/Downloads/已整理_2026-06-30/02_素材与设计/UI截图/首页 (4).png,/Users/binbinchen/Downloads/已整理_2026-06-30/01_项目资料/蜂乐玛/UI设计截图/2025-11_商城前台_会员订单购物车/首页 (4).png,同批商城前台UI归入蜂乐玛
首页-升级提示 (1).png,/Users/binbinchen/Downloads/已整理_2026-06-30/02_素材与设计/UI截图/首页-升级提示 (1).png,/Users/binbinchen/Downloads/已整理_2026-06-30/01_项目资料/蜂乐玛/UI设计截图/2026-01-26_后台运营_订单客服会员/首页-升级提示 (1).png,同批后台订单客服会员UI归入蜂乐玛
首页-升级提示.png,/Users/binbinchen/Downloads/已整理_2026-06-30/02_素材与设计/UI截图/首页-升级提示.png,/Users/binbinchen/Downloads/已整理_2026-06-30/01_项目资料/蜂乐玛/UI设计截图/2025-11_商城前台_会员订单购物车/首页-升级提示.png,同批商城前台UI归入蜂乐玛
首页.png,/Users/binbinchen/Downloads/已整理_2026-06-30/02_素材与设计/UI截图/首页.png,/Users/binbinchen/Downloads/已整理_2026-06-30/01_项目资料/蜂乐玛/UI设计截图/2025-11_商城前台_会员订单购物车/首页.png,同批商城前台UI归入蜂乐玛
今日-时间选择.png,/Users/binbinchen/Downloads/已整理_2026-06-30/02_素材与设计/通用素材/今日-时间选择.png,/Users/binbinchen/Downloads/已整理_2026-06-30/01_项目资料/蜂乐玛/UI设计截图/2026-01-26_后台运营_微信社群/今日-时间选择.png,同批推广/社群/体验官素材归入蜂乐玛
今日新增VIP.png,/Users/binbinchen/Downloads/已整理_2026-06-30/02_素材与设计/通用素材/今日新增VIP.png,/Users/binbinchen/Downloads/已整理_2026-06-30/01_项目资料/蜂乐玛/UI设计截图/2026-01-26_后台运营_微信社群/今日新增VIP.png,同批推广/社群/体验官素材归入蜂乐玛
今日新增VIP5.png,/Users/binbinchen/Downloads/已整理_2026-06-30/02_素材与设计/通用素材/今日新增VIP5.png,/Users/binbinchen/Downloads/已整理_2026-06-30/01_项目资料/蜂乐玛/UI设计截图/2026-01-26_后台运营_微信社群/今日新增VIP5.png,同批推广/社群/体验官素材归入蜂乐玛
今日新增体验.png,/Users/binbinchen/Downloads/已整理_2026-06-30/02_素材与设计/通用素材/今日新增体验.png,/Users/binbinchen/Downloads/已整理_2026-06-30/01_项目资料/蜂乐玛/UI设计截图/2026-01-26_后台运营_微信社群/今日新增体验.png,同批推广/社群/体验官素材归入蜂乐玛
今日新增关注.png,/Users/binbinchen/Downloads/已整理_2026-06-30/02_素材与设计/通用素材/今日新增关注.png,/Users/binbinchen/Downloads/已整理_2026-06-30/01_项目资料/蜂乐玛/UI设计截图/2026-01-26_后台运营_微信社群/今日新增关注.png,同批推广/社群/体验官素材归入蜂乐玛
今日新增运营商.png,/Users/binbinchen/Downloads/已整理_2026-06-30/02_素材与设计/通用素材/今日新增运营商.png,/Users/binbinchen/Downloads/已整理_2026-06-30/01_项目资料/蜂乐玛/UI设计截图/2026-01-26_后台运营_微信社群/今日新增运营商.png,同批推广/社群/体验官素材归入蜂乐玛
体验官-个人中心 (1).png,/Users/binbinchen/Downloads/已整理_2026-06-30/02_素材与设计/通用素材/体验官-个人中心 (1).png,/Users/binbinchen/Downloads/已整理_2026-06-30/01_项目资料/蜂乐玛/UI设计截图/2026-01-26_后台运营_微信社群/体验官-个人中心 (1).png,同批推广/社群/体验官素材归入蜂乐玛
体验官-个人中心.png,/Users/binbinchen/Downloads/已整理_2026-06-30/02_素材与设计/通用素材/体验官-个人中心.png,/Users/binbinchen/Downloads/已整理_2026-06-30/01_项目资料/蜂乐玛/UI设计截图/2025-11_商城前台_会员推广/体验官-个人中心.png,同批推广/社群/体验官素材归入蜂乐玛
其他体验.png,/Users/binbinchen/Downloads/已整理_2026-06-30/02_素材与设计/通用素材/其他体验.png,/Users/binbinchen/Downloads/已整理_2026-06-30/01_项目资料/蜂乐玛/UI设计截图/2026-01-26_后台运营_微信社群/其他体验.png,同批推广/社群/体验官素材归入蜂乐玛
分享至群 (1).png,/Users/binbinchen/Downloads/已整理_2026-06-30/02_素材与设计/通用素材/分享至群 (1).png,/Users/binbinchen/Downloads/已整理_2026-06-30/01_项目资料/蜂乐玛/UI设计截图/2026-01-26_后台运营_微信社群/分享至群 (1).png,同批推广/社群/体验官素材归入蜂乐玛
分享至群.png,/Users/binbinchen/Downloads/已整理_2026-06-30/02_素材与设计/通用素材/分享至群.png,/Users/binbinchen/Downloads/已整理_2026-06-30/01_项目资料/蜂乐玛/UI设计截图/2025-11_商城前台_会员推广/分享至群.png,同批推广/社群/体验官素材归入蜂乐玛
分销店预估-体验官.png,/Users/binbinchen/Downloads/已整理_2026-06-30/02_素材与设计/通用素材/分销店预估-体验官.png,/Users/binbinchen/Downloads/已整理_2026-06-30/01_项目资料/蜂乐玛/UI设计截图/2026-01-26_后台运营_微信社群/分销店预估-体验官.png,同批推广/社群/体验官素材归入蜂乐玛
分销店预估-尊享官.png,/Users/binbinchen/Downloads/已整理_2026-06-30/02_素材与设计/通用素材/分销店预估-尊享官.png,/Users/binbinchen/Downloads/已整理_2026-06-30/01_项目资料/蜂乐玛/UI设计截图/2026-01-26_后台运营_微信社群/分销店预估-尊享官.png,同批推广/社群/体验官素材归入蜂乐玛
升级体验官 copy.png,/Users/binbinchen/Downloads/已整理_2026-06-30/02_素材与设计/通用素材/升级体验官 copy.png,/Users/binbinchen/Downloads/已整理_2026-06-30/01_项目资料/蜂乐玛/UI设计截图/2026-01-26_后台运营_微信社群/升级体验官 copy.png,同批推广/社群/体验官素材归入蜂乐玛
升级体验官.png,/Users/binbinchen/Downloads/已整理_2026-06-30/02_素材与设计/通用素材/升级体验官.png,/Users/binbinchen/Downloads/已整理_2026-06-30/01_项目资料/蜂乐玛/UI设计截图/2026-01-26_后台运营_微信社群/升级体验官.png,同批推广/社群/体验官素材归入蜂乐玛
尊享官-点击运营商提示.png,/Users/binbinchen/Downloads/已整理_2026-06-30/02_素材与设计/通用素材/尊享官-点击运营商提示.png,/Users/binbinchen/Downloads/已整理_2026-06-30/01_项目资料/蜂乐玛/UI设计截图/2026-01-26_后台运营_微信社群/尊享官-点击运营商提示.png,同批推广/社群/体验官素材归入蜂乐玛
微信管理  新建微信号 副本 副本.png,/Users/binbinchen/Downloads/已整理_2026-06-30/02_素材与设计/通用素材/微信管理  新建微信号 副本 副本.png,/Users/binbinchen/Downloads/已整理_2026-06-30/01_项目资料/蜂乐玛/UI设计截图/2026-01-26_后台运营_微信社群/微信管理  新建微信号 副本 副本.png,同批推广/社群/体验官素材归入蜂乐玛
微信管理  新建微信号 副本.png,/Users/binbinchen/Downloads/已整理_2026-06-30/02_素材与设计/通用素材/微信管理  新建微信号 副本.png,/Users/binbinchen/Downloads/已整理_2026-06-30/01_项目资料/蜂乐玛/UI设计截图/2026-01-26_后台运营_微信社群/微信管理  新建微信号 副本.png,同批推广/社群/体验官素材归入蜂乐玛
微信管理 副本 副本 (1).png,/Users/binbinchen/Downloads/已整理_2026-06-30/02_素材与设计/通用素材/微信管理 副本 副本 (1).png,/Users/binbinchen/Downloads/已整理_2026-06-30/01_项目资料/蜂乐玛/UI设计截图/2026-01-26_后台运营_微信社群/微信管理 副本 副本 (1).png,同批推广/社群/体验官素材归入蜂乐玛
微信管理 副本 副本.png,/Users/binbinchen/Downloads/已整理_2026-06-30/02_素材与设计/通用素材/微信管理 副本 副本.png,/Users/binbinchen/Downloads/已整理_2026-06-30/01_项目资料/蜂乐玛/UI设计截图/2026-01-26_后台运营_微信社群/微信管理 副本 副本.png,同批推广/社群/体验官素材归入蜂乐玛
微信管理 副本.png,/Users/binbinchen/Downloads/已整理_2026-06-30/02_素材与设计/通用素材/微信管理 副本.png,/Users/binbinchen/Downloads/已整理_2026-06-30/01_项目资料/蜂乐玛/UI设计截图/2026-01-26_后台运营_微信社群/微信管理 副本.png,同批推广/社群/体验官素材归入蜂乐玛
我的推广中心 (1).png,/Users/binbinchen/Downloads/已整理_2026-06-30/02_素材与设计/通用素材/我的推广中心 (1).png,/Users/binbinchen/Downloads/已整理_2026-06-30/01_项目资料/蜂乐玛/UI设计截图/2026-01-26_后台运营_微信社群/我的推广中心 (1).png,同批推广/社群/体验官素材归入蜂乐玛
我的推广中心-标签筛选 (1).png,/Users/binbinchen/Downloads/已整理_2026-06-30/02_素材与设计/通用素材/我的推广中心-标签筛选 (1).png,/Users/binbinchen/Downloads/已整理_2026-06-30/01_项目资料/蜂乐玛/UI设计截图/2026-01-26_后台运营_微信社群/我的推广中心-标签筛选 (1).png,同批推广/社群/体验官素材归入蜂乐玛
我的推广中心-标签筛选.png,/Users/binbinchen/Downloads/已整理_2026-06-30/02_素材与设计/通用素材/我的推广中心-标签筛选.png,/Users/binbinchen/Downloads/已整理_2026-06-30/01_项目资料/蜂乐玛/UI设计截图/2025-11_商城前台_会员推广/我的推广中心-标签筛选.png,同批推广/社群/体验官素材归入蜂乐玛
我的推广中心.png,/Users/binbinchen/Downloads/已整理_2026-06-30/02_素材与设计/通用素材/我的推广中心.png,/Users/binbinchen/Downloads/已整理_2026-06-30/01_项目资料/蜂乐玛/UI设计截图/2025-11_商城前台_会员推广/我的推广中心.png,同批推广/社群/体验官素材归入蜂乐玛
收益-日报时间选择.png,/Users/binbinchen/Downloads/已整理_2026-06-30/02_素材与设计/通用素材/收益-日报时间选择.png,/Users/binbinchen/Downloads/已整理_2026-06-30/01_项目资料/蜂乐玛/UI设计截图/2026-01-26_后台运营_微信社群/收益-日报时间选择.png,同批推广/社群/体验官素材归入蜂乐玛
收益-日报（体验官）.png,/Users/binbinchen/Downloads/已整理_2026-06-30/02_素材与设计/通用素材/收益-日报（体验官）.png,/Users/binbinchen/Downloads/已整理_2026-06-30/01_项目资料/蜂乐玛/UI设计截图/2026-01-26_后台运营_微信社群/收益-日报（体验官）.png,同批推广/社群/体验官素材归入蜂乐玛
日报收益.png,/Users/binbinchen/Downloads/已整理_2026-06-30/02_素材与设计/通用素材/日报收益.png,/Users/binbinchen/Downloads/已整理_2026-06-30/01_项目资料/蜂乐玛/UI设计截图/2026-01-26_后台运营_微信社群/日报收益.png,同批推广/社群/体验官素材归入蜂乐玛
直属体验.png,/Users/binbinchen/Downloads/已整理_2026-06-30/02_素材与设计/通用素材/直属体验.png,/Users/binbinchen/Downloads/已整理_2026-06-30/01_项目资料/蜂乐玛/UI设计截图/2026-01-26_后台运营_微信社群/直属体验.png,同批推广/社群/体验官素材归入蜂乐玛
直属游客-详细信息.png,/Users/binbinchen/Downloads/已整理_2026-06-30/02_素材与设计/通用素材/直属游客-详细信息.png,/Users/binbinchen/Downloads/已整理_2026-06-30/01_项目资料/蜂乐玛/UI设计截图/2026-01-26_后台运营_微信社群/直属游客-详细信息.png,同批推广/社群/体验官素材归入蜂乐玛
解冻更多收益.png,/Users/binbinchen/Downloads/已整理_2026-06-30/02_素材与设计/通用素材/解冻更多收益.png,/Users/binbinchen/Downloads/已整理_2026-06-30/01_项目资料/蜂乐玛/UI设计截图/2026-01-26_后台运营_微信社群/解冻更多收益.png,同批推广/社群/体验官素材归入蜂乐玛
邀请入群 (1).png,/Users/binbinchen/Downloads/已整理_2026-06-30/02_素材与设计/通用素材/邀请入群 (1).png,/Users/binbinchen/Downloads/已整理_2026-06-30/01_项目资料/蜂乐玛/UI设计截图/2026-01-26_后台运营_微信社群/邀请入群 (1).png,同批推广/社群/体验官素材归入蜂乐玛
邀请入群.png,/Users/binbinchen/Downloads/已整理_2026-06-30/02_素材与设计/通用素材/邀请入群.png,/Users/binbinchen/Downloads/已整理_2026-06-30/01_项目资料/蜂乐玛/UI设计截图/2025-11_商城前台_会员推广/邀请入群.png,同批推广/社群/体验官素材归入蜂乐玛
间接体验.png,/Users/binbinchen/Downloads/已整理_2026-06-30/02_素材与设计/通用素材/间接体验.png,/Users/binbinchen/Downloads/已整理_2026-06-30/01_项目资料/蜂乐玛/UI设计截图/2026-01-26_后台运营_微信社群/间接体验.png,同批推广/社群/体验官素材归入蜂乐玛
间接游客-详细信息.png,/Users/binbinchen/Downloads/已整理_2026-06-30/02_素材与设计/通用素材/间接游客-详细信息.png,/Users/binbinchen/Downloads/已整理_2026-06-30/01_项目资料/蜂乐玛/UI设计截图/2026-01-26_后台运营_微信社群/间接游客-详细信息.png,同批推广/社群/体验官素材归入蜂乐玛
PC端-蜂乐玛后台.zip,/Users/binbinchen/Downloads/已整理_2026-06-30/07_压缩包_待确认/项目压缩包/PC端-蜂乐玛后台.zip,/Users/binbinchen/Downloads/已整理_2026-06-30/01_项目资料/蜂乐玛/项目文档与素材包/PC端-蜂乐玛后台.zip,文件名命中蜂乐玛/DHA/心脑血管
小程序-蜂乐玛金服-改版app页面.zip,/Users/binbinchen/Downloads/已整理_2026-06-30/07_压缩包_待确认/项目压缩包/小程序-蜂乐玛金服-改版app页面.zip,/Users/binbinchen/Downloads/已整理_2026-06-30/01_项目资料/蜂乐玛/项目文档与素材包/小程序-蜂乐玛金服-改版app页面.zip,文件名命中蜂乐玛/DHA/心脑血管
蜂乐玛品牌升级项目进度表 (1).xlsx,/Users/binbinchen/Downloads/已整理_2026-06-30/03_办公文档/Excel表格/蜂乐玛品牌升级项目进度表 (1).xlsx,/Users/binbinchen/Downloads/已整理_2026-06-30/01_项目资料/蜂乐玛/项目文档与素材包/蜂乐玛品牌升级项目进度表 (1).xlsx,文件名命中蜂乐玛/DHA/心脑血管
群营销工具小程序,/Users/binbinchen/Downloads/已整理_2026-06-30/01_项目资料/销售资料/群营销工具小程序,/Users/binbinchen/Downloads/已整理_2026-06-30/01_项目资料/蜂乐玛/群管理_社群模块/群营销工具小程序,群营销小程序归入蜂乐玛社群模块
群营销工具小程序(1).zip,/Users/binbinchen/Downloads/已整理_2026-06-30/07_压缩包_待确认/项目压缩包/群营销工具小程序(1).zip,/Users/binbinchen/Downloads/已整理_2026-06-30/01_项目资料/蜂乐玛/群管理_社群模块/群营销工具小程序(1).zip,群营销小程序压缩包归入蜂乐玛社群模块
客户所在群聊筛选数据导出.xlsx,/Users/binbinchen/Downloads/已整理_2026-06-30/03_办公文档/Excel表格/客户所在群聊筛选数据导出.xlsx,/Users/binbinchen/Downloads/已整理_2026-06-30/01_项目资料/蜂乐玛/项目文档与素材包/客户所在群聊筛选数据导出.xlsx,群聊数据表归入蜂乐玛项目文档
